id;brand;legal;eik;eik_url;founded;city;capital;capital_text;owner;group;is_group_head;parent_brand_id;hide_from_list;source_usa;source_ca;source_kr;source_jp;source_eu;web;phone;phone_2;email;social_facebook;social_instagram;social_viber;social_youtube;social_tiktok;social_linkedin;social_mobile_bg;social_cars_bg;verified;is_new;blurb;last_checked;verification_notes
north-auto;North Auto;НОРТ АУТО БЪЛГАРИЯ ЕООД;202092526;https://papagal.bg/eik/202092526/2d83;2012-05-31;София;10225;10 225,00 €;ЦВЕТОМИР ПЛАМЕНОВ МИТЕВ (100%, и управител);North Auto;yes;;;yes;yes;;;;https://north-auto.com/;359 888 751 247;;sales@north-auto.com;https://www.facebook.com/northautobg/;;https://invite.viber.com/?g2=AQAlqX4R8PG97FMc1ivQP9n3pnG0TGb9xLU1K%2Fun5T44116SHXj35LXzUaXWdPAF&lang=en;;;;;;;;Първоначално регистрирана като 'РАЙТ КОЛ' до преименуването през август 2023 г. Най-вероятно операторът на north-auto.com. Самият сайт декларира свързани марки: American Dreamcars, Fast Lane America, Urban Motors.;2026-05-24;Registry confirmed via agent-browser 2026-05-24. Legal/founded/city confirmed. Capital converted from 20 000 лв. to 10 225 €. Owner filled: ЦВЕТОМИР ПЛАМЕНОВ МИТЕВ (100%, и управител).
american-dreamcars;American Dreamcars;(търговско име — North Auto group);;;;София;;;;North Auto;;north-auto;;yes;yes;;;;https://americandreamcars.bg/;;;;https://www.facebook.com/americadreamcars/;;;;;;;;;;Декларирана от North Auto като свързана марка. Няма самостоятелно юридическо лице в Търговския регистър.;2026-05-24;"Sub-brand of north-auto; no own registry entry. Site americandreamcars.bg unreachable (ECONNREFUSED) 2026-05-24."
fast-lane-america;Fast Lane America;(търговско име — North Auto group);;;;София;;;;North Auto;;north-auto;;yes;yes;;;;https://fastlaneamerica.com/;;;;;;;;;;https://fastlaneamerica.mobile.bg/;;;;Слоган: 'Здрави коли на дилърски цени от Америка'. Декларирана от North Auto като свързана марка.;2026-05-24;"Sub-brand of north-auto; no own registry entry. Site fastlaneamerica.com has TLS cert error 2026-05-24; mobile.bg listing active."
urban-motors;Urban Motors;(търговско име — North Auto group);;;;София;;;;North Auto;;north-auto;;yes;yes;;;;;359 883 391 112;;;https://www.facebook.com/urban.motorsbg/;https://www.instagram.com/urban.motors/;;;;;;;;;Декларирана от North Auto като свързана марка. Да не се бърка с 'Urban Motors Denver' в САЩ или 'Urban Motors Collection' в Ню Джърси.;2026-05-24;"Sub-brand of north-auto; no own registry entry. Site urbanmotors.bg unreachable (ECONNREFUSED) 2026-05-24."
wincars-main;WINCARS;ВИНКАРС ЕООД;207634475;https://papagal.bg/eik/207634475/afe7;2023-12-14;София;2;2,00 €;Иван Иванович Ганчев (100%, и управител);WINCARS;yes;;;yes;yes;yes;;;https://wincars.bg/;359 889 333 631;;wincarsbulgaria@gmail.com;https://www.facebook.com/wincars.bg;https://www.instagram.com/wincars.bg;https://invite.viber.com/?g2=AQAp47Wvj2a9xlEchEkAajcjIsGzqaZQhMzR94s0dFs4o8UItSznkKGwjm3MZY%2BR&fbclid=IwY2xjawSAPx5leHRuA2FlbQIxMABicmlkETBLY1NtN1JGWG5Cc3ZHZDhHc3J0YwZhcHBfaWQQMjIyMDM5MTc4ODIwMDg5MgABHqdKApl-FedNKjP2RvyQ4e5cL0Mx6Fm_MnbYtCib32aG6snzopO0vScDkg9U_aem_l_YKoyxpq8766QvIt8q4sg&lang=en;https://www.youtube.com/@WINCARS.BULGARIA;https://www.tiktok.com/@wincars.bg;;https://m.mobile.bg/dealers/wincars-central;https://www.cars.bg/company/wincarsplovdiv;;;Сграда Margel, София, Околовръстен път 155, ет. 2. Пет свързани фирми ВИНКАРС/УИНКАРС — нетипично сложна структура за тази индустрия. 5 отделни Mobile.bg витрини за различни локации.;2026-05-24;Registry confirmed via agent-browser 2026-05-24. Founded/city confirmed. Capital converted from 5 лв. to 2 €. Owner filled: Иван Иванович Ганчев (100%, и управител). Site OK: phone/email/socials confirmed. Telegram bot also found (not stored).
wincars-plus;WINCARS+;УИНКАРС ПЛЮС ЕООД;207634518;https://papagal.bg/eik/207634518/9fb8;2023-12-14;София;2;2,00 €;ИВАН ИВАНОВИЧ ГАНЧЕВ (100%, и управител);WINCARS;;wincars-main;yes;yes;yes;;;;;;;;;;;;;;;;;;Свързано лице, регистрирано същия ден като ВИНКАРС ЕООД. Споделя сайта на главната фирма.;2026-05-24;"Registry confirmed via agent-browser 2026-05-24. Founded/city confirmed. Capital converted from 5 лв. to 2 €. Owner filled: ИВАН ИВАНОВИЧ ГАНЧЕВ (100%, и управител). No own site; shares wincars.bg. Existing values retained."
vincars-companion;WINCARS Co.;ВИНКАРС КОМПАНИ ЕООД;208059064;https://papagal.bg/eik/208059064/2cb0;2024-11-13;София;2;2,00 €;ИВАН ИВАНОВИЧ ГАНЧЕВ (100%, и управител);WINCARS;;wincars-main;yes;yes;yes;;;;;;;;;;;;;;;;;;Втора вълна на регистрации в групата WINCARS.;2026-05-24;Registry confirmed via agent-browser 2026-05-24. Founded/city confirmed. Capital converted from 5 лв. to 2 €. Owner filled: ИВАН ИВАНОВИЧ ГАНЧЕВ (100%, и управител). No own site. Existing values retained.
wincars-plus-companion;WINCARS+ Co.;УИНКАРС ПЛЮС КОМПАНИ ЕООД;208059159;https://papagal.bg/eik/208059159/9689;2024-11-13;София;2;2,00 €;ИВАН ИВАНОВИЧ ГАНЧЕВ (100%, и управител);WINCARS;;wincars-main;yes;yes;yes;;;;;;;;;;;;;;;;;;Свързано лице, регистрирано същия ден като ВИНКАРС КОМПАНИ ЕООД.;2026-05-24;Registry confirmed via agent-browser 2026-05-24. Founded/city confirmed. Capital converted from 5 лв. to 2 €. Owner filled: ИВАН ИВАНОВИЧ ГАНЧЕВ (100%, и управител). No own site. Existing values retained.
win-cars;WIN CARS;УИН КАРС ЕООД;207285529;https://papagal.bg/eik/207285529/dee3;2023-03-01;София;5;5,00 €;ИВАН ИВАНОВИЧ ГАНЧЕВ (100%, и управител);WINCARS;;wincars-main;yes;yes;yes;;;;;;;;;;;;;;;;;;Възможно е да е първоначалната / 'стара' фирма на групата WINCARS.;2026-05-24;Registry confirmed via agent-browser 2026-05-24. Founded filled: 2023-03-01. City confirmed. Capital converted from 10 лв. to 5 €. Owner filled: ИВАН ИВАНОВИЧ ГАНЧЕВ (100%, и управител). No own site. Existing values retained.
mak-auto;MAK AUTO;(юридическото лице не е идентифицирано еднозначно);;;;София;;;;MAK GROUP;;;;yes;yes;;;;https://makauto.eu/;359 877 400 520;;sales@makauto.eu;https://www.facebook.com/profile.php?id=100088853903957;https://www.instagram.com/makauto.eu/;https://invite.viber.com/?g2=AQAKMqhHlO837VKBMYSm5Q2dvyUyTArlamXok4KLF%2FQHSgT42EhLyxbjExhriKhI;https://www.youtube.com/@Makautoeu;;;;;;;На сайта се представя като 'MAK GROUP'. Оперира свързана аукционна платформа MAKBID.EU. Финансов партньор: TBI Bank. Внимание: МАК АУТО РЕНТ ЕООД (ЕИК 201462816) е различен бизнес (отдаване под наем).;2026-05-24;"No EIK in CSV. Site OK: phone/email confirmed; added Facebook and YouTube found on site."
koliotamerika;Коли от Америка;(БГ фирма не е намерена) + Hwy 17 Auto Sales (САЩ дилър);;;;София;;;;Коли от Америка;;;;yes;yes;;;;https://koliotamerika.bg/;359 888 292 280;;office@koliotamerika.bg;https://www.facebook.com/koliotamerika;https://www.instagram.com/koliotamerika.bg/;https://invite.viber.com/?g2=AQBf2nuz85eJe1JY6ulMhdFRCDVjUHmNSdbAEnHgqAjWvqKA3%2FiJ%2FJ6vadMAgs1C;;;;;;;;Оперира собствен дилърски център в САЩ: Hwy 17 Auto Sales, 5116 Ogeechee Rd Lot 7, Savannah, GA. Седалище: ул. Стар Лозенски път, София. Вертикална интеграция — пряк достъп до търговете под собствен дилърски лиценз в САЩ.;2026-05-24;No EIK in CSV. Site OK: added phone, email, and Facebook found on site.
bidmotors;BidMotors;БИДМОТОРС ООД;207639650;https://papagal.bg/eik/207639650/399d;2023-12-19;Пловдив;52;52,00 €;Антон Илич Генов (50%) · Елена Семеновна Велчева (50%);;;;;yes;yes;yes;;yes;https://bidmotors.bg/;359 888 285 928;;info@bidmotors.bg;https://www.facebook.com/bidmotors.bg/;;https://invite.viber.com/?g2=AQBdBz1%2FCiibikz4AEaVnLXVCMFdxWopHgvl9ggwM%2BY1igDxPZAD0uLL7XfzMh7S&lang=en;;;;https://bidmotors.mobile.bg/;https://www.cars.bg/company/bidmotors;;;Първоначално регистрирана като 'ЮСА КАРС', преименувана на БИДМОТОРС на 14 февруари 2024 г. Адрес: Пещерско шосе 198, Пловдив. Собствениците носят бащини имена, типични за руски/постсъветски граждани (Илич, Семеновна). EU-огледало на сайта: bidmotors.eu.;2026-05-24;"Registry confirmed via agent-browser 2026-05-24. Founded/city confirmed. Capital converted from 100 лв. to 52 €. Ownership confirmed: Антон Илич Генов (50%) · Елена Семеновна Велчева (50%); manager is ВЛАДИМИР ПЕТРОВИЧ ВЕЛЧЕВ. Address updated: Пещерско шосе 217. Site bidmotors.bg returned 403. Existing values retained."
triumphcars-bg;TriumphCars;ТРИУМФ КАРС БГ ООД;208343070;https://papagal.bg/eik/208343070/13e4;2025-06-05;София;1;1,00 €;СТЕФАН РОСЕНОВ АНГЕЛОВ (50%, управител) · ДЕНИСЛАВ ПЕТКОВ ПЕТКОВ (50%, управител);TriumphCars;yes;;;yes;yes;;;;https://www.triumphcars.bg/;;;;https://www.facebook.com/TRIUMPHCARSBG/;;https://invite.viber.com/?g2=AQAWng4d2ZQr5VQZRkDSUypPFQFgtYBLFr4JOqKcV9xWIDdlEvSlB6M5kovTRyyY&lang=en;https://www.youtube.com/@TRIUMPHCARS;;;;https://www.cars.bg/company/triumphcarssofia;;;"Фирмата е едва шестмесечна към момента на проверката — твърдението '№1 дилър' е преувеличено. В CARS.BG като дилър е изписан Светослав Ананиев; управителят по регистър е Стефан Росенов Ангелов. Седалище: Манастирски ливади, София.";2026-05-24;Registry confirmed via agent-browser 2026-05-24. Founded/city confirmed. Capital 1 €. Owner updated: 2 co-managers/owners — СТЕФАН РОСЕНОВ АНГЕЛОВ (50%) · ДЕНИСЛАВ ПЕТКОВ ПЕТКОВ (50%). Site fetch failed (403).
triumphcars-old;ТРИУМФ КАРС;ТРИУМФ КАРС ООД;208130243;https://papagal.bg/eik/208130243/86a8;2025-01-16;София;51;51,00 €;ДЕНИСЛАВ ПЕТКОВ ПЕТКОВ (50%, управител) · СТЕФАН РОСЕНОВ АНГЕЛОВ (50%, управител);TriumphCars;;triumphcars-bg;yes;yes;yes;;;;;;;;;;;;;;;;;;Предхождащо / свързано лице на ТРИУМФ КАРС БГ ООД.;2026-05-24;"Registry confirmed via agent-browser 2026-05-24. Founded filled: 2025-01-16. City confirmed. Capital 51 €. Owner filled: ДЕНИСЛАВ ПЕТКОВ ПЕТКОВ (50%) · СТЕФАН РОСЕНОВ АНГЕЛОВ (50%). Status: Активен (not deregistered). Sub-brand of triumphcars-bg; no own web."
mostauto-import;MostAuto;МОСТ АУТО ИМПОРТ ООД;206578080;https://papagal.bg/eik/206578080/3785;2021-07-08;Сливен;511;511,00 €;СТОЯН КЪНЕВ СТЕФАНОВ (50%, управител) · МОМЧИЛ НИКОЛАЕВ ХРИСТОВ (50%, управител);MostAuto;yes;;;yes;yes;;;;https://mostauto.bg/;359 886 802 250;359 878 495 595;mostauto.bg@gmail.com;https://www.facebook.com/mostautobg/;https://www.instagram.com/mostauto.bg/;;;;;;;;;Активното юридическо лице. Партньори, посочени на сайта: Car-sales.bg, Max service.;2026-05-24;Registry confirmed via agent-browser 2026-05-24. Founded/city confirmed. Capital converted from 1 000 лв. to 511 €. Owner filled: СТОЯН КЪНЕВ СТЕФАНОВ (50%) · МОМЧИЛ НИКОЛАЕВ ХРИСТОВ (50%). Site OK. Phone/email confirmed.
mostauto-legacy;MostAuto (стара);МОСТ АУТО ООД;205387268;https://papagal.bg/eik/205387268/1a90;2018-11-10;Сливен;255;255,00 €;СТОЯН КЪНЕВ СТЕФАНОВ (50%, управител) · МОМЧИЛ НИКОЛАЕВ ХРИСТОВ (50%, управител);MostAuto;;mostauto-import;yes;yes;yes;;;;;;;;;;;;;;;;;;Дерегистрирана по ЗДДС на 12.04.2023 г. На практика бездейства. Винаги проверявайте с кое юридическо лице сключвате договор.;2026-05-24;Registry confirmed via agent-browser 2026-05-24. Founded/city confirmed. Capital converted from 500 лв. to 255 €. Owner filled: СТОЯН КЪНЕВ СТЕФАНОВ (50%) · МОМЧИЛ НИКОЛАЕВ ХРИСТОВ (50%). Status: Активен (ЗДДС дерегистрирана 12.04.2023 but legal entity still active). Same owners as mostauto-import.
freeline;Freeline;ФРИЛАЙН ООД;131233772;https://papagal.bg/eik/131233772/adce;2008-07-30;София;2556;2 556,00 €;ВЕЛИН ГЕОРГИЕВ МАРИНКОВ (80%, управител) · ИЗАБЕЛА ДИНЧЕВА ДИМИТРОВА (20%);Freeline;yes;;;yes;yes;;;yes;https://freeline.bg/;359 2 915 1140;;headoffice@freeline.bg;;;;;;https://bg.linkedin.com/company/freeline;;;;;"Най-голямата в каталога по обороти: 18,5 млн. лв. за 2021 г. (+37% годишно). Преди всичко логистична компания; колите са една от много карго услуги. Декларира над 4000 превозени автомобила.";2026-05-24;"Registry confirmed via agent-browser 2026-05-24. City confirmed. Note: registry date shows ""2004 година"" (EIK 131233772 registered 2004); CSV founded 2008-07-30 refers to a structural change date in registry history. Capital converted from 5 000 лв. to 2 556 €. Owner filled: ВЕЛИН ГЕОРГИЕВ МАРИНКОВ (80%) · ИЗАБЕЛА ДИНЧЕВА ДИМИТРОВА (20%). Site OK. Phone/email confirmed."
freeline-bg;Freeline BG;ФРИЛАЙН БГ ООД;203321113;https://papagal.bg/eik/203321113/ea8e;2014-12-05;София;25;25,00 €;Велин Георгиев Маринков (80%, управител) · Изабела Динчева Димитрова (20%);Freeline;;freeline;yes;yes;yes;;;;;;;;;;;;;;;;;;Свързано лице на основната ФРИЛАЙН ООД.;2026-05-24;"Registry confirmed via agent-browser 2026-05-24. Founded/city confirmed. Capital converted from 50 лв. to 25 €. Owner filled: Велин Георгиев Маринков (80%) · Изабела Динчева Димитрова (20%). Sub-brand of freeline; no own web."
xclusivecars;Xclusivecars;ЕКСКЛУЗИВЕ КАРС ЕООД;207194200;https://papagal.bg/eik/207194200/98dc;2022-12-14;с. Писарево;511;511,00 €;САШО АСЕНОВ ДЖАМБАЗОВ (100%, и управител);;;;;yes;yes;;;;https://xclusivecars.bg/;359 888 885 962;359 876 888 994;office@xclusivecars.bg;https://www.facebook.com/xclusivecars.bg/;https://www.instagram.com/xclusivecars.bg/;https://invite.viber.com/?g2=AQBxFIC8IoVOjFKfHv2pl4LY0sxwE%2FcYEoOzcP8glhC18rZvDsjDM9H9ZxwiEGI6;;;;https://xclusivecars.mobile.bg/;https://www.cars.bg/company/xclusivecars;;;Първоначално регистрирана като 'ЕМ - СА КАРГО', преименувана на ЕКСКЛУЗИВЕ КАРС на 10.04.2024 г. Самоопределя се като 'лицензиран дилър'. Аукционни партньори: IAAI, Copart, OpenLane EU.;2026-05-24;"Registry confirmed via agent-browser 2026-05-24. Founded/city confirmed (с. Писарево). Capital converted from 1 000 лв. to 511 €. Owner filled: САШО АСЕНОВ ДЖАМБАЗОВ (100%, и управител). Note: site listed owner as ""Павел Колев"" — registry shows САШО АСЕНОВ ДЖАМБАЗОВ. Site OK. Added social_instagram. Phone/email/Viber confirmed."
playcars;PLAYCARS;ПЛЕЙ КАРС ЕООД;207637959;https://papagal.bg/eik/207637959/6f73;2023-12-18;София;511;511,00 €;Велко Валериев Ангелов (100%);;;;;yes;yes;;;;https://playcars.bg/;359 877 705 770;359 886 709 271;playcarsbulgaria@gmail.com;https://www.facebook.com/PlayCarsBulgaria/;https://www.instagram.com/playcars.bg/;;;;;https://playcars.mobile.bg/;https://www.cars.bg/company/playcars;;;Един собственик. Активен профил в Mobile.bg и Cars.bg.;2026-05-24;Registry confirmed via agent-browser 2026-05-24. Founded/city confirmed. Capital converted from 1 000 лв. to 511 €. Owner Велко Валериев Ангелов (100%, и управител) confirmed. Site OK. Added phone, phone_2, email, social_facebook from site.
key4u;Key4U;КИЙ ФОР Ю ЕООД;207170612;https://papagal.bg/eik/207170612/70d0;2022-11-24;София;100;51,00 €;АНГЕЛ ДИМИТРОВ ПЕЙЧИНОВ (100%, и управител);;;;;yes;yes;;;;https://key4u.bg/;359 898 252 434;;key4u.import@gmail.com;;;;;;;https://key4u.mobile.bg/;;;;Първоначално регистрирана като 'АРЧИЛЕМО', преименувана на КИЙ ФОР Ю едва на 19.06.2025 г. — много скоро преориентиран бизнес от несвързана дейност. Фокус: BMW, Mercedes, Audi, Tesla.;2026-05-24;"Registry confirmed via agent-browser 2026-05-24. Founded/city confirmed. Capital 51 € confirmed. Owner filled: АНГЕЛ ДИМИТРОВ ПЕЙЧИНОВ (100%, и управител); previous owner ФИЛИПА ДИМИТРОВА ГАНОВА replaced on 19.06.2025 when company renamed from АРЧИЛЕМО to КИЙ ФОР Ю. Site OK. Phone/email/Viber confirmed."
bohem-cars;Bohem Cars;Бохемкарс ООД;207580821;https://papagal.bg/eik/207580821/6ed0;2023-10-31;Перник;100;51,00 €;ГЕОРГИ ПЛАМЕНОВ МОМЪКОВ (50%, управител) · ЦВЕТАН ДИМИТРОВ ГУГЛЕВ (50%);;;;;;yes;;;;https://bohemcars.net/;359 893 588 680;;bohemcars@gmail.com;https://www.facebook.com/p/BohemCars-100090502502398/;;https://invite.viber.com/?g2=AQAMxyLjvWlk%2FlHGq8xd7qpMRMyZvgIA20ahTwc2xZeW1nMGmSkYemUD9cv1trGj;;;;https://bohemcars.mobile.bg/;;;;Специализация Канада (с Carfax/AutoCheck). Оперира от София и Пловдив. НЕ е същото като Ауто Бохеми ЕООД (ЕИК 206420162) — различна фирма.;2026-05-24;Registry confirmed via agent-browser 2026-05-24. Founded/city confirmed. Capital 51 € confirmed. Owner spelling corrected: МОМЪКОВ (registry) vs МОМКОВ (prior CSV). Site OK. Phone/email/Viber/Facebook confirmed.
liberty-auto;Liberty Auto;Либърти Ауто ООД;208232198;https://papagal.bg/eik/208232198/2e5d;2025-03-25;София;5;5,00 €;Борислав Веселинов Найденов (50%, управител) · Ахилеас Володиев Костов (50%, управител);;;;;yes;yes;;;;https://libertyauto.bg/;+359 887 341 537;+359 883 381 865;office@libertyauto.bg;https://www.facebook.com/libertyauto.bg;https://www.instagram.com/libertyauto.bg;https://invite.viber.com/?g2=AQAxYKocWHxtklQ1xfRyOWm4f1xlOx9DE4HIlexjdvc0KM7pKNhwy2JEx2G2sNIb;;;;;;;;Регистрирана 25.03.2025 г. от двама съсобственици и съуправители — Борислав Найденов и Ахилеас Костов (по 50%). Не е по ЗДДС. Предмет на дейност: внос, износ, реекспорт и покупко-продажба на МПС и резервни части. Адрес: София 1231, ж.к. Свобода 38, вх. Б, ет. 5, ап. 38.;2026-05-26;"Registry confirmed via agent-browser 2026-05-26 (papagal.bg). Legal Либърти Ауто ООД, EIK 208232198, основана 25.03.2025 в София. Капитал 10 лв., конвертиран на 19.02.2026 в 5 €. Седалище: София 1231, р-н Надежда, ж.к. Свобода 38, вх. Б, ет. 5, ап. 38. Двама съдружници по 50%: Борислав Веселинов Найденов и Ахилеас Володиев Костов — двамата и управители. Не е по ЗДДС. Предметът на дейност формално включва внос/износ на МПС и сервизна дейност от учредяването. Свързани фирми в papagal: МАУСТОЙС, ЛУЛАТОЙС (несвързани с автомобилен бранш). Phones нормализирани в +359-формат; FB/IG/Viber от libertyauto.bg запазени от предишна проверка."
usa-bg;USA-BG;"(Американско-българска фирма; БГ лице не е намерено)";;;;Ню Йорк + София;;;;;;;;yes;yes;;;;https://bg.usa-bg.com/;359 878 112 216;1 646 327 0103;info@usa-bg.com;https://www.facebook.com/shippingusabg;;;;;;;;;;Операция в две юрисдикции. Превозват коли, лодки, ATV, пратки. Българското юридическо лице не се открива в Търговския регистър при наличните търсения.;2026-05-24;Site OK. Phones confirmed (US+BG unchanged). Found email info@usa-bg.com and Facebook page. Registry not re-verified (papagal.bg blocks bot fetches).
usacars-bg;USACars.bg;Ю ЕС ЕЙ КАРС ЕООД (вероятно съответствие);206932180;https://papagal.bg/eik/206932180/310f;2022-05-11;София;511;511,00 €;СТЕФАНИ ВИКТОР БУДИНОВА (100%, и управител);;;;;yes;yes;;;;https://usacars.bg/;;;;;;;;;;;;;;Първоначално 'AVILA 2022', преименувана на Ю ЕС ЕЙ КАРС на 14.08.2024 г. Овча Купел, София. Внимание: US Cars Bulgaria (uscarsbulgaria.com) се представя като основана в САЩ през 2017 г. — връзката с българското лице не е изяснена.;2026-05-24;Registry confirmed via agent-browser 2026-05-24. Founded/city confirmed. Capital converted from 1 000 лв. to 511 €. Owner filled: СТЕФАНИ ВИКТОР БУДИНОВА (100%, и управител). Site OK but no contact info on homepage (blank/JS-rendered).
five-star;FIVE STAR AUTO;ФАЙВ СТАР АУТО ГРУП ЕООД;207733555;https://papagal.bg/eik/207733555/056b;2024-02-29;с. Еленово;5;5,00 €;ЕМИЛ АНГЕЛОВ ИВАНОВ (100%, и управител);;;;;yes;yes;;;;https://fivestarauto.bg/;359 876 855 205;;contact@fivestarauto.bg;https://www.facebook.com/fivestarsautoimport/;https://www.instagram.com/five_star_auto_bg/;https://invite.viber.com/?g2=AQA9Z1ce%2BvG28VIG4wIJlNJCmPLnuOo6bvLJ8ptzufRL2eItcKHyD1X6Szloic5b;;;;https://fivestarauto.mobile.bg/;;;;Работно време пон.–нед. 10:00–20:00. Малък деклариран капитал и регистрация в село.;2026-05-24;Registry confirmed via agent-browser 2026-05-24. Founded confirmed 2024-02-29. City confirmed (с. Еленово). Capital converted from 10 лв. to 5 €. Owner filled: ЕМИЛ АНГЕЛОВ ИВАНОВ (100%, и управител). Site OK. Phone confirmed. Found email contact@fivestarauto.bg. Socials confirmed.
american-auto;American AUTO;АМЕРИКАН АУТО ООД;207632702;https://papagal.bg/eik/207632702/e744;2023-12-13;Велико Търново;;;Мартин Станимирев Демирев (25%) · Диян Свиленов Крумов (25%) · МАРИЯ ДИМИТРОВА РУСЕВА (25%) · Денис Димитров Красимиров (25%);;;;yes;yes;yes;;;;;;;;https://www.facebook.com/AmericanAUTO21/;;;;;;https://americanauto.mobile.bg/;;;;Адрес: бул. България 72, Велико Търново. Дейности: търговия, логистика, внос на коли.;2026-05-24;Registry confirmed via agent-browser 2026-05-24. ЗАЛИЧЕН ТЪРГОВЕЦ на 26.09.2025 — company deregistered/dissolved. Owner at dissolution: 4 shareholders 25% each. No web. Facebook page alive (title confirmed). Mobile.bg listing americanauto.mobile.bg returns 404 as of 2026-05-24.
cars-help;CARS-HELP;КАРС-ХЕЛП ЕООД;205305082;https://papagal.bg/eik/205305082/583e;2018-09-26;София;51;51,00 €;Георги Пламенов Николов (100%, и управител);CARS-HELP;yes;;;yes;yes;;;yes;https://cars-help.com/;;;;https://www.facebook.com/carshelp1;;;https://www.youtube.com/channel/UCoivQq2yMAdzbMaP-P2CzdQ;;;;;;;Транспорт и автовоз с фокус. Три свързани лица: КАРС-ХЕЛП ЕООД, КАРС-ХЕЛП Услуги ЕООД (ЕИК 205815936), КАРС-ХЕЛП Сървисис ЕООД (ЕИК 205454293).;2026-05-24;Registry confirmed via agent-browser 2026-05-24. Founded/city confirmed. Capital converted from 100 лв. to 51 €. Owner filled: Георги Пламенов Николов (100%, и управител). Site OK. No phone/email on homepage. Found Facebook and YouTube.
auto-bid-canada;Auto Bid Canada;Ауто Бид Канада ЕООД;205974917;https://papagal.bg/eik/205974917/a96e;2020-01-16;София;100;51,00 €;Николай Иванов Иванов (100%, и управител);;;;;yes;yes;;yes;;https://autobidcanada.com/;359 883 352 160;;office@autobidcanada.com;https://www.facebook.com/AutoBidCanada/;https://www.instagram.com/autobidcanada;;;;;https://autobidcanada1.mobile.bg/;;;;Адрес: Околовръстен път 36, Перла парк, София. Работно време ежедневно 09:00–19:00. Внасят и от Япония. Лицензиран вносител с над 7 г. опит. Ръст на приходите 78,6% за 2023 г.;2026-05-24;Registry confirmed via agent-browser 2026-05-24. Founded/city confirmed. Capital 51 € confirmed (converted from 100 лв.). Owner Николай Иванов Иванов (100%, и управител) confirmed. Site OK. Phone/email/socials confirmed unchanged.
mib-auto;MIB Auto;(юридическо лице не е намерено);;;;;;;;;;;;yes;yes;;;yes;https://mibauto.bg/;359 878 784 753;;office@mibauto.bg;;;;;;;;;;;Декларират мрежа от 450+ дилъра в Канада, САЩ и Европа. Няма Facebook/Instagram на сайта.;2026-05-24;Site OK. Phone/email confirmed. No EIK found on site (footer, About, Contacts all checked) as of 2026-05-24. No legal entity locatable on site as of 2026-05-24.
click-auto;Click-Auto;(юридическо лице не е идентифицирано еднозначно);;;;София;;;;;;;;yes;yes;;;;https://www.click-auto.com/;359 886 009 998;;clickautobg@gmail.com;https://www.facebook.com/profile.php?id=100095414881286;https://www.instagram.com/clickautobg;;;https://www.tiktok.com/@clickautobg;;https://clickautobg.mobile.bg/;;;;Аукциони Copart и IAAI. Декларират регистрирани операции в САЩ и Канада за достъп до търговете. Срок 30–60 дни. Внимание: АУТО КЛИК ЕООД (ЕИК 203411749, Русе) е различна фирма — не това.;2026-05-24;Site OK. Phone/email/socials confirmed. LinkedIn link generic (not stored). Registry not re-verified (papagal.bg blocks bot fetches).
autostate;AutoState;—;;;;;;;;;;;;yes;yes;;;;;;;;;;https://invite.viber.com/?g2=AQBwI7/BQCovGlB2kmXxUsm7IUeMTfBm0SKhgyF7JokfhBnQNZ8nQNancH0yVFh1;;;;;;;;Само Viber присъствие — без сайт или социални мрежи в основните търсения. Участват в Copart и IAAI (САЩ и Канада).;2026-05-24;Viber-only presence. No web or Facebook to check. Viber link unchanged as of 2026-05-24.
tech-auto;Tech Auto;—;;;;Бургас;;;;;;;;yes;yes;;;;;;;;https://www.facebook.com/techautocars/;;https://invite.viber.com/?g2=AQBgflEyLc9b81INpB0k0G90mwm7%2FOb9B8pdevoKtt6zM2rkKY5vmjH%2BBEcGHZh6&fbclid=IwY2xjawSASJxleHRuA2FlbQIxMABicmlkETBLY1NtN1JGWG5Cc3ZHZDhHc3J0YwZhcHBfaWQQMjIyMDM5MTc4ODIwMDg5MgABHmtcE61CDZ_BIjQer2IGL0CBCFTccIWH48aXkeBMlFaIyOwxNqp4Ogzh5Z4j_aem_OoA9-oemvW81wFHphhqO0A&lang=en;;;;;;;;Само Facebook присъствие. Не успяхме да намерим съответстващ ЕИК в регистъра — възможно е да оперира под друго име.;2026-05-24;No web. Facebook page alive (page name Tech Auto confirmed).
vinproverka;VINproverka;—;;;;;;;;;;;;yes;yes;;;;https://vinproverka.com/;;;info@vinproverka.com;;;;;;;;;;;Основно услуга за проверка по VIN, с посредничество при внос от Канада. Не е основен вносител.;2026-05-24;Site OK. Found email info@vinproverka.com on contact page. No phone or socials. Registry not re-verified (papagal.bg blocks bot fetches).
is-auto;IS Auto;—;;;;Варна;;;;;;;;yes;;;;;;;;;;;;;;;https://isauto.mobile.bg/;;;;Открива се само през фирмени директории и Mobile.bg. Проверете преди ангажиране.;2026-05-24;No web. Mobile.bg listing active with 372 listings (dealer name: ISauto) as of 2026-05-24.
bibi-cars;Bi-Bi cars;ПМ АВТО ГРУП ЕООД;206637283;https://papagal.bg/eik/206637283/10f1;2021-09-01;София;4601;4 601,00 €;ПАВЛО МАСЛОВ (Украйна) (100%, и управител);;;;;yes;;yes;;;https://bibicars.bg/;359 875 313 158;359 897 884 804;hello@bibicars.bg;https://www.facebook.com/profile.php?id=61564216970773;;;;;;;;yes;yes;"Юридическо лице ПМ АВТО ГРУП ЕООД, ДДС регистрирана от 05.09.2021. Собственик и управител: ПАВЛО МАСЛОВ (Украйна). Два адреса в София — кв. Драгалевци, бул. Черни връх 230 и бул. България 81. Внос предимно от САЩ и Корея; сайтът интегрира аукциони в САЩ.";2026-05-24;Registry confirmed via agent-browser 2026-05-24. Legal/founded/city/owner from папагал.бг. Internet contacts confirmed via официалния сайт bibicars.bg (телефон, имейл, Facebook).
seven-cars;7Cars;7 КАРС ЕООД;203551651;https://papagal.bg/eik/203551651/506c;2015-05-22;София;511;511,00 €;ХРИСТИЯН ПАНЧОВ ВИТАНОВ (100%, и управител);;;;;yes;yes;yes;;yes;https://7cars.bg/;359 894 707 690;;info@7cars.bg;https://www.facebook.com/7CarsBG/;https://www.instagram.com/7carsbg/;;https://www.youtube.com/@7carsbg;https://www.tiktok.com/@7carsbg;;;;yes;;"Регистрирана 22.05.2015 г.; собственик и управител ХРИСТИЯН ВИТАНОВ. В групата на собственика са още 7 Карс Консулт ЕООД, 7 Карс Делукс Детайлинг ЕООД и ИЗИ ДРАЙВ ЕООД (сервиз Easy Drive). Деклариран внос от Европа, Корея, САЩ и Канада. Офис: ж.к. Младост 4, Соф. околовръстен 251; шоурум: Соф. околовръстен 262.";2026-05-24;Registry confirmed via agent-browser 2026-05-24. Legal/founded/owner from папагал.бг. Phone/email/socials from сайта 7cars.bg.
rexcar;RexCar;ЕЛ ПАБЛО ЕООД;203208599;https://papagal.bg/eik/203208599/1425;2014-09-08;Варна;51;51,00 €;ЗЛАТИН ПЛАМЕНОВ ПАВЛОВ (100%, и управител);"";"";"";"";yes;yes;"";"";"";https://rexcar.bg/;+359 895 599 799;"";info@rexcar.bg;"";"";"";"";"";"";"";"";yes;"";Декларира внос от САЩ, Канада и Дубай. Юридическо лице: ЕЛ ПАБЛО ЕООД (управител и собственик ЗЛАТИН ПАВЛОВ), Варна. ДДС от 26.08.2016. Сайтът обещава отстъпки до 45% от пазарната цена при внос.;2026-05-25;Registry confirmed via agent-browser 2026-05-25. Legal entity ЕЛ ПАБЛО ЕООД от условията на сайта. Phone/email от rexcar.bg.
usa-auto-plovdiv;USA AUTO;Флорида Престиж Колекшън Юесей Ауто ЕООД (вероятно съответствие);207273822;https://papagal.bg/eik/207273822/a7fa;2023-02-21;Пловдив;511;511,00 €;ДИМИТЪР ПЕТРОВ ЙОВЧЕВ (100%, и управител);"";"";"";"";yes;yes;"";"";"";https://usaauto.bg/;+359 883 484 343;"";usaautobg@gmail.com;https://www.facebook.com/profile.php?id=100095231287119;https://www.instagram.com/usa.auto.bg;"";https://youtube.com/@usaautobg;"";"";"";"";"";yes;Внос на автомобили, ATV, мотори, лодки и каравани от САЩ и Канада. Адрес на Facebook: Васил Левски 174, Пловдив. Предположено юридическо лице: Флорида Престиж Колекшън Юесей Ауто ЕООД (Пловдив, ж.к. Тракия) — името съвпада, но без явна връзка от сайта.;2026-05-25;Legal entity match by name/transliteration, not by official disclosure. Phone/email/socials confirmed via FB and сайта usaauto.bg 2026-05-25.
atlantic-drive;Atlantic Drive;АТЛАНТИК ДРАЙВ ЕООД;208414795;https://papagal.bg/eik/208414795/2b1c;2025-07-25;София;5;5,00 €;ИВАН СЛАВЧЕВ ЛЕЩАРСКИ (100%, и управител);"";"";"";"";yes;yes;yes;"";yes;https://atlanticdrive.bg/;+359 878 119 140;+359 878 949 922;atlanticdrivebg@gmail.com;https://www.facebook.com/profile.php?id=61577808961262;"";"";"";"";"";"";"";yes;yes;"Регистрирана 25.07.2025 г.; собственик и управител ИВАН ЛЕЩАРСКИ. На Facebook се представя като №1 вносител от Корея за 2026 г. Декларира внос от САЩ, Канада, Корея, ЕС и Дубай; видео проверка преди закупуване. Адрес: Студентски комплекс, ул. Кирил Попов 38, София.";2026-05-25;Registry confirmed via agent-browser 2026-05-25. Legal/founded/owner от папагал.бг. Phones/email/FB от Facebook page.
pm-select;PM Select;(юридическо лице не е намерено);"";"";"";София;"";"";"";"";"";"";"";"";"";"";"";"";"";+359 899 225 640;"";"";https://www.facebook.com/profile.php?id=61589183301804;"";"";"";"";"";"";"";"";"";Млад Facebook профил с минимална публична информация. Шерват обяви от Mobile.bg. Юридическо лице не е намерено в Търговския регистър при търсене по име.;2026-05-25;No legal entity found in papagal.bg as of 2026-05-25. Only phone and FB profile известни.
automart-bg;AutoMart;(юридическо лице не е намерено);"";"";"";Благоевград;"";"";"";"";"";"";"";yes;yes;"";"";"";https://automart-bg.com/;+359 879 111 061;"";AutoMart@abv.bg;https://www.facebook.com/profile.php?id=100066737553190;https://www.instagram.com/automart_bg;"";"";"";"";"";"";"";"";Посредничество при покупка на автомобили от САЩ и Канада. Адрес: ул. Славянска 65, Благоевград. Юридическо лице не е намерено в Търговския регистър по име (АУТОМАРТ ЕООД в Мартен и АУТОМАРТ86 ЕООД в Кнежа не съвпадат с адреса в Благоевград).;2026-05-25;No matching legal entity in papagal.bg. Contacts confirmed via Facebook и automart-bg.com.
importlux;Importlux;ИМПОРТЛУКС ЕООД;207200169;https://papagal.bg/eik/207200169/3a04;2022-12-21;Пловдив;5;5,00 €;ДОБРОМИР ВАЛЕРИЕВ ИВАНОВ (100%, и управител);"";"";"";"";yes;yes;yes;"";"";https://importlux.bg/;+359 883 356 734;"";importlux@abv.bg;https://www.facebook.com/importlux;"";"";"";"";"";"";"";yes;yes;"Регистрирана 21.12.2022 г.; собственик и управител ДОБРОМИР ИВАНОВ. ДДС от 20.01.2023. Внос на автомобили, мотори и ATV от САЩ, Канада и Корея. Адрес на Facebook: околовръстното между Коматево и Марково, Пловдив.";2026-05-25;Registry confirmed via agent-browser 2026-05-25. Legal/founded/owner от папагал.бг. Phone/email/FB от importlux.bg.
kj-cars;KJ CARS;КЕЙ ДЖИ КАРС ООД;207968293;https://papagal.bg/eik/207968293/989c;2024-09-04;София;1;1,00 €;ПРЕСИЯН ОМУРТАГ ДАРАКЧИЕВ (50%) · ВИКТОРИЯ ОМУРТАГ ДАРАКЧИЕВА (50%) · ОМУРТАГ КРУМОВ ДАРАКЧИЕВ (управител, не съдружник);"";"";"";"";"";"";yes;"";"";https://kj-cars.com/;+359 878 101 175;+359 2 831 0098;office@kj-cars.com;https://www.facebook.com/profile.php?id=61570038960058;"";"";"";"";"";"";"";"";"";"""Дигитален каталог на автомобили от Южна Корея"" (над 200 000 предлагани). Юридическото седалище е в Пловдив (ул. Арх. Камен Петков 20), а адресът за упражняване на дейността е бул. Искърско шосе 13, София. Регистрирана 04.09.2024 г., по ЗДДС от 14.03.2025 г.";2026-05-26;"Registry confirmed via agent-browser 2026-05-26 — двоен източник: papagal.bg + kj-cars.com Общи условия (Чл. 2 декларира фирмата по име, ЕИК и адреси). Legal КЕЙ ДЖИ КАРС ООД (K J CARS LTD), EIK 207968293, основана 04.09.2024 в Пловдив. По ЗДДС от 14.03.2025 (BG207968293). Капитал 2 лв., конвертиран на 19.02.2026 в 1 €. Седалище: гр. Пловдив 4017, р-н Източен, ул. Арх. Камен Петков 20. Двама съдружници по 50%: ПРЕСИЯН ОМУРТАГ ДАРАКЧИЕВ и ВИКТОРИЯ ОМУРТАГ ДАРАКЧИЕВА; управител ОМУРТАГ КРУМОВ ДАРАКЧИЕВ (бащата, не съдружник). Адресът за упражняване на дейността е в София (бул. Искърско шосе 13) — оттам реално работят с клиенти. Свързани фирми в papagal: КЕЙ ДЖИ АУТО, КЕЙ ДЖИ СЕРВИЗ. Phones/email/FB запазени от предишна проверка."
autolux-import;AutoLux Import;АутоЛукс Импорт ООД;207302786;https://papagal.bg/eik/207302786/db6a;2023-03-15;София;5;5,00 €;Венци Венцислав Иванов (50%, управител) · Юри Хачатрян (50%, управител);"";"";"";"";"";yes;"";"";"";https://linktr.ee/autoluximport;+359 888 222 222;+359 895 709 045;autoluximport23@gmail.com;https://www.facebook.com/profile.php?id=100090935501856;https://www.instagram.com/autoluximport;"";"";"";"";"";"";yes;yes;Регистрирана 15.03.2023 г. като ООД с двама съсобственици и управители — Венци Иванов и Юри Хачатрян (по 50%). ДДС от 22.03.2023. Декларира внос от официални дилърства и търгове в Канада. Адрес: ул. Стара Планина 1, София.;2026-05-25;Registry confirmed via agent-browser 2026-05-25. Legal/founded/owners от папагал.бг. Phones/email/FB/IG от Facebook page.
aura-auto-group;Aura Auto Group;АУРА АУТО ГРУП ООД;208332921;https://papagal.bg/eik/208332921/60fe;2025-05-30;София;1;1,00 €;ОГНЯН ЯНКОВ ГРАМАТИКОВ (66,7%) · СТОЯН АЛЕКСАНДРОВ МИРОВАЛИЕВ (33,3%, и управител);"";"";"";"";yes;yes;"";"";"";https://www.auraautogroup.bg/;+359 878 700 724;+359 882 029 493;auracars01@gmail.com;"";https://www.instagram.com/aura_auto_/;"";"";"";"";https://auraautogroup.mobile.bg/;"";"";"";Внос на употребявани автомобили от САЩ и Канада. Сайтът декларира 24/7 връзка с мениджър и предоставя CARFAX/VIN проверки. На auraautogroup.bg copyright-ът е изписан като 'Direct Automotives' — вероятно търговско наименование.;2026-05-26;"Registry confirmed via agent-browser 2026-05-26 (papagal.bg). Legal АУРА АУТО ГРУП ООД, EIK 208332921, основана 30.05.2025 в София. Капитал 3 лв., конвертиран на 21.02.2026 в 1 €. Седалище: София 1113, р-н Изгрев, ж.к. Изток, ул. Тарас Шевченко 6, вх. Б, ап. 4. Управител и съдружник (33,3%) СТОЯН АЛЕКСАНДРОВ МИРОВАЛИЕВ; съдружник ОГНЯН ЯНКОВ ГРАМАТИКОВ (66,7%). Първоначален съдружник КРИС АНАСТАСОВ АНАСТАСОВ напуска на 11.09.2025. Не е регистрирана по ЗДДС. Сайтът auraautogroup.bg ползва име 'Direct Automotives' като copyright entity. Phone +359 878 700 724 от сайта; +359 882 029 493 и още 5 номера в mobile.bg листинга."
usa-alpha-cars;USA Alpha Cars;ГРИЙНУЕЙ ИНТЕРНЕШЪНЪЛ ЕООД;204745207;https://papagal.bg/eik/204745207/d0d0;2017-08-31;Русе;51;51,00 €;ТОДОР НИКОЛАЕВ КОНОВСКИ (100%, и управител);"";"";"";"";yes;"";"";"";"";https://usaalphacars.com/;+359 885 589 529;"";usaalphacars@gmail.com;https://www.facebook.com/profile.php?id=61585672380501;"";"";"";"";"";"";"";"";"";Внос на употребявани автомобили от САЩ. Опериран от ГРИЙНУЕЙ ИНТЕРНЕШЪНЪЛ ЕООД (Русе) — генерален търговец/логистик от 2017 г., добавил 'покупко-продажба на МПС, внос-износ и спедиция' към предмета си на дейност на 26.09.2025 г. Сайтът описва 8-етапен процес от депозит до доставка с CARFAX проверки и обещава до -40% спрямо българския пазар.;2026-05-26;"Registry data confirmed via agent-browser 2026-05-26 (papagal.bg). Legal ГРИЙНУЕЙ ИНТЕРНЕШЪНЪЛ ЕООД (GREENWAY INTERNATIONAL LTD), EIK 204745207, основана 31.08.2017 в Русе. По ЗДДС от 13.04.2018 (BG204745207). Капитал 100 лв., конвертиран на 31.01.2026 в 51 €. Седалище: гр. Русе 7014, ул. Михаил Хаджикостов 5, вх. 4, ет. 5. Едноличен собственик и управител: ТОДОР НИКОЛАЕВ КОНОВСКИ. 2021 оборот 627 хил. лв., 8 служители; NACE 4727 'Търговия на дребно с други хранителни стоки' — предметът разширен до 'покупко-продажба на МПС, внос-износ, спедиция' на 26.09.2025. Връзката бранд→ЕООД е силно вероятна, но не формално документирана от самия сайт: (1) footer 'Powered by Greenway International LTD' на всяка страница на usaalphacars.com, (2) Shopify /meta.json self-reports city=Ruse country=BG (shop id 101424726280, myshopify mpvndb-sd), (3) ГРИЙНУЕЙ е единствено съвпадение по име в papagal, (4) разширението на дейността от 26.09.2025 предхожда регистрацията на usaalphacars.com (created 2025-12-25 via eNom, NS bgdns.net) с 3 месеца, (5) FB бранд-страницата също е в Русе. Пропуск: на сайта липсват impressum/общи условия (404), а Privacy Policy-то е generic Shopify boilerplate, не назовава ЕИК — несъответствие с бг е-търговско право. Phone +359 885 589 529 и email usaalphacars@gmail.com потвърдени и на сайта, и в FB интрото."
usa-auction-express;USA Auction Express;ОУКШЪН ЕКСПРЕС ЕООД;207345321;https://papagal.bg/eik/207345321;2023-04-18;Пловдив;;;АТАНАС НИКОЛОВ АТАНАСОВ (едноличен собственик и управител);;;;;yes;yes;;;;https://usaauctionexpress.com/;+359 886 373 666;+359 889 036 804;office@usaauctionexpress.com;;;viber://chat?number=+359886373666;;;;;;;;"Онлайн платформа за наддаване по търгове в Северна Америка (Copart/IAAI) с доставка до България, Румъния и Сърбия. Над 400 000 предлагани автомобила; част от лотовете са от канадски локации (напр. Едмонтън, Алберта). Представя се като лицензиран брокер. BG офис: Пловдив, бул. Карловско шосе 37 (VJF логистичен център).";2026-05-27;"Researched via agent-browser 2026-05-27. Legal ОУКШЪН ЕКСПРЕС ЕООД, EIK 207345321 — изведен от VAT номер BG207345321, деклариран в Общите условия на сайта ('USA Auction Express, LLC. BG207345321'). Регистрирана 18.04.2023; седалище с. Розино, общ. Карлово, обл. Пловдив, ул. Караджата 10. Едноличен собственик и управител: АТАНАС НИКОЛОВ АТАНАСОВ. По ЗДДС: Да. Предметът на дейност включва 'внос и износ на автомобили'. ВАЖНО: papagal.bg беше блокиран от Cloudflare през цялата сесия — регистровите данни идват от web.company.guru + Общите условия на самия сайт, НЕ директно от papagal; eik_url е базовият papagal URL без hash-суфикс и капиталът остава непотвърден. BG офис/операции: Пловдив, бул. Карловско шосе 37 (VJF логистичен център). Тел. и office@ email от contacts; Viber/Telegram на двата номера. Facebook/Instagram не са открити."
